id	prediction
EXAMPLE_0	earthquake
EXAMPLE_1	earthquake
EXAMPLE_2	earthquake
EXAMPLE_3	earthquake
EXAMPLE_4	earthquake
EXAMPLE_5	earthquake
EXAMPLE_6	earthquake
EXAMPLE_7	earthquake
EXAMPLE_8	earthquake
EXAMPLE_9	earthquake
EXAMPLE_10	earthquake
EXAMPLE_11	earthquake
EXAMPLE_12	earthquake
EXAMPLE_13	earthquake
EXAMPLE_14	earthquake
EXAMPLE_15	earthquake
EXAMPLE_16	earthquake
EXAMPLE_17	earthquake
EXAMPLE_18	earthquake
EXAMPLE_19	earthquake
EXAMPLE_20	earthquake
EXAMPLE_21	earthquake
EXAMPLE_22	earthquake
EXAMPLE_23	earthquake
EXAMPLE_24	earthquake
EXAMPLE_25	earthquake
EXAMPLE_26	earthquake
EXAMPLE_27	earthquake
EXAMPLE_28	earthquake
EXAMPLE_29	earthquake
EXAMPLE_30	earthquake
EXAMPLE_31	earthquake
EXAMPLE_32	earthquake
EXAMPLE_33	earthquake
EXAMPLE_34	earthquake
EXAMPLE_35	earthquake
EXAMPLE_36	earthquake
EXAMPLE_37	earthquake
EXAMPLE_38	earthquake
EXAMPLE_39	earthquake
EXAMPLE_40	earthquake
EXAMPLE_41	earthquake
EXAMPLE_42	earthquake
EXAMPLE_43	earthquake
EXAMPLE_44	earthquake
EXAMPLE_45	earthquake
EXAMPLE_46	earthquake
EXAMPLE_47	earthquake
EXAMPLE_48	earthquake
EXAMPLE_49	earthquake
EXAMPLE_50	earthquake
EXAMPLE_51	earthquake
EXAMPLE_52	earthquake
EXAMPLE_53	earthquake
EXAMPLE_54	earthquake
EXAMPLE_55	earthquake
EXAMPLE_56	earthquake
EXAMPLE_57	earthquake
EXAMPLE_58	earthquake
EXAMPLE_59	earthquake
EXAMPLE_60	earthquake
EXAMPLE_61	earthquake
EXAMPLE_62	earthquake
EXAMPLE_63	earthquake
EXAMPLE_64	earthquake
EXAMPLE_65	earthquake
EXAMPLE_66	earthquake
EXAMPLE_67	earthquake
EXAMPLE_68	earthquake
EXAMPLE_69	earthquake
EXAMPLE_70	earthquake
EXAMPLE_71	earthquake
EXAMPLE_72	earthquake
EXAMPLE_73	earthquake
EXAMPLE_74	earthquake
EXAMPLE_75	earthquake
EXAMPLE_76	earthquake
EXAMPLE_77	earthquake
EXAMPLE_78	earthquake
EXAMPLE_79	earthquake
EXAMPLE_80	earthquake
EXAMPLE_81	earthquake
EXAMPLE_82	explosion
EXAMPLE_83	earthquake
EXAMPLE_84	earthquake
EXAMPLE_85	earthquake
EXAMPLE_86	earthquake
EXAMPLE_87	earthquake
EXAMPLE_88	earthquake
EXAMPLE_89	earthquake
EXAMPLE_90	explosion
EXAMPLE_91	earthquake
EXAMPLE_92	earthquake
EXAMPLE_93	earthquake
EXAMPLE_94	earthquake
EXAMPLE_95	earthquake
EXAMPLE_96	earthquake
EXAMPLE_97	earthquake
EXAMPLE_98	earthquake
EXAMPLE_99	earthquake
EXAMPLE_100	earthquake
EXAMPLE_101	earthquake
EXAMPLE_102	earthquake
EXAMPLE_103	earthquake
EXAMPLE_104	earthquake
EXAMPLE_105	explosion
EXAMPLE_106	earthquake
EXAMPLE_107	earthquake
EXAMPLE_108	earthquake
EXAMPLE_109	earthquake
EXAMPLE_110	earthquake
EXAMPLE_111	earthquake
EXAMPLE_112	earthquake
EXAMPLE_113	earthquake
EXAMPLE_114	earthquake
EXAMPLE_115	earthquake
EXAMPLE_116	earthquake
EXAMPLE_117	earthquake
EXAMPLE_118	earthquake
EXAMPLE_119	earthquake
EXAMPLE_120	earthquake
EXAMPLE_121	earthquake
EXAMPLE_122	earthquake
EXAMPLE_123	earthquake
EXAMPLE_124	earthquake
EXAMPLE_125	earthquake
EXAMPLE_126	earthquake
EXAMPLE_127	earthquake
EXAMPLE_128	earthquake
EXAMPLE_129	earthquake
EXAMPLE_130	earthquake
EXAMPLE_131	earthquake
EXAMPLE_132	earthquake
EXAMPLE_133	earthquake
EXAMPLE_134	earthquake
EXAMPLE_135	earthquake
EXAMPLE_136	earthquake
EXAMPLE_137	earthquake
EXAMPLE_138	earthquake
EXAMPLE_139	earthquake
EXAMPLE_140	earthquake
EXAMPLE_141	earthquake
EXAMPLE_142	earthquake
EXAMPLE_143	earthquake
EXAMPLE_144	earthquake
EXAMPLE_145	earthquake
EXAMPLE_146	earthquake
EXAMPLE_147	earthquake
EXAMPLE_148	earthquake
EXAMPLE_149	earthquake
EXAMPLE_150	earthquake
EXAMPLE_151	earthquake
EXAMPLE_152	earthquake
EXAMPLE_153	earthquake
EXAMPLE_154	earthquake
EXAMPLE_155	earthquake
EXAMPLE_156	earthquake
EXAMPLE_157	earthquake
EXAMPLE_158	earthquake
EXAMPLE_159	earthquake
EXAMPLE_160	earthquake
EXAMPLE_161	earthquake
EXAMPLE_162	earthquake
EXAMPLE_163	earthquake
EXAMPLE_164	earthquake
EXAMPLE_165	earthquake
EXAMPLE_166	earthquake
EXAMPLE_167	earthquake
EXAMPLE_168	earthquake
EXAMPLE_169	earthquake
EXAMPLE_170	earthquake
EXAMPLE_171	earthquake
EXAMPLE_172	earthquake
EXAMPLE_173	earthquake
EXAMPLE_174	earthquake
EXAMPLE_175	earthquake
EXAMPLE_176	earthquake
EXAMPLE_177	earthquake
EXAMPLE_178	earthquake
EXAMPLE_179	earthquake
EXAMPLE_180	earthquake
EXAMPLE_181	earthquake
EXAMPLE_182	earthquake
EXAMPLE_183	earthquake
EXAMPLE_184	explosion
EXAMPLE_185	earthquake
EXAMPLE_186	earthquake
EXAMPLE_187	earthquake
EXAMPLE_188	earthquake
EXAMPLE_189	explosion
EXAMPLE_190	earthquake
EXAMPLE_191	earthquake
EXAMPLE_192	earthquake
EXAMPLE_193	earthquake
EXAMPLE_194	earthquake
EXAMPLE_195	earthquake
EXAMPLE_196	earthquake
EXAMPLE_197	earthquake
EXAMPLE_198	earthquake
EXAMPLE_199	earthquake
